{
    "net_attr": {
        "activation": "signal", 
        "bias": -2.4, 
        "lrn_rate": 0.3, 
        "weights": [
            8.938279306923583, 
            42.782768866314946
        ]
    }, 
    "net_params": {
        "a": -5.0, 
        "b": 0.2, 
        "epochs": 200, 
        "lrn_rate": 0.3, 
        "max_error": 0.1, 
        "num_test": 300, 
        "num_training": 10000, 
        "num_validation": 10000, 
        "type": "perceptron"
    }, 
    "test_error": 0.006666666666666667, 
    "validation_error": [
        true, 
        0.0076
    ]
}